business_address,count
,175916
"Ground Floor, Bangalore, KA",29
"Floor, Mumbai, MH",26
"18, Kolkata, Howrah, WB",26
"303, Mumbai, MH",25
"12, Ahmedabad, GJ",23
"101, Mumbai, Mumbai City, MH",23
"4, Mumbai, MH",23
"Floor, Bangalore, KA",22
"7, Kolkata, Howrah, WB",21
"5, Ahmedabad, GJ",21
"601, Mumbai, MH",21
"301, Mumbai, Mumbai City, MH",21
"3, Ahmedabad, GJ",21
"1, Kolkata, Howrah, WB",21
"2, Mumbai, MH",20
"10, Kolkata, Howrah, WB",20
"2, Mumbai, Mumbai City, MH",20
"3, Kolkata, Howrah, WB",20
"4, Kolkata, Howrah, WB",20
